{
  "operations": [
    {
      "parcelas": [
        8.599339332106045,
        8.599339332106045,
        8.599339332106045,
        8.599339332106045,
        8.599339332106045,
        8.599339332106045,
        8.599339332106045,
        8.599339332106045,
        8.599339332106045,
        8.599339332106045,
        8.599339332106045,
        8.599339332106045
      ],
      "financiamento": 100,
      "protocoloAleatorio": "#U3L46MVYTVAUX1SO15VE8171PR2RSWJK5RD5T7IV3457H17OYARN79MUO7A592L7P4961EMG",
      "id": 1
    },
    {
      "parcelas": [
        412.76828794109014,
        412.76828794109014,
        412.76828794109014,
        412.76828794109014,
        412.76828794109014,
        412.76828794109014,
        412.76828794109014,
        412.76828794109014,
        412.76828794109014,
        412.76828794109014,
        412.76828794109014,
        412.76828794109014
      ],
      "financiamento": 4800,
      "protocoloAleatorio": "#LVCLLM27R8BAFPYEXEU186CE7X6KPIBYV2701WDVTTHOPCF7DC28YFXM8L9Y06VRLTIMJN22",
      "id": 2
    }
  ]
}
